{
  "body": {
    "dynamic": true,
    "gravity": true,
    "mass": 0.12,
    "position": [
      0.42,
      0.07,
      -0.57
    ],
    "rpy_deg": [
      -90.0,
      0.0,
      0.0
    ]
  },
  "collision": {
    "friction": 1.0,
    "height": 0.09470000118017197,
    "radius": 0.032099999487400055,
    "type": "cylinder"
  },
  "format": "newton_dynamic_bottle_v1",
  "visual": {
    "collision_enabled": false,
    "fit_margin": 0.005,
    "local_position": [
      0.003410077653825283,
      -0.00304920598864556,
      -0.10315708280541003
    ],
    "local_quat_xyzw": [
      0.7071067811865475,
      0.0,
      0.0,
      0.7071067811865476
    ],
    "type": "glb"
  },
  "visual_glb": "../assets/bottle.glb"
}
